{
    "keep": {
        "days": true,
        "amount": 14
    },
    "auditLog": "logs/Rate-Limitter-auditlog.json",
    "files": [
        {
            "date": 1698234470118,
            "name": "logs\\Rate-Limitter-2023-10-25-17.log",
            "hash": "f69b06e7b71432edc35afa0f9e0e3625df1430f9489bd41a8cdbc2a0ae62dbc4"
        },
        {
            "date": 1698235249666,
            "name": "logs\\Rate-Limitter-2023-10-25-17.log.1",
            "hash": "197e3874746b9e260d7f2d98c11401e6bb6e558f4d8143100f784f73c9df2963"
        },
        {
            "date": 1698248587551,
            "name": "logs\\Rate-Limitter-2023-10-25-21.log",
            "hash": "2061555a43589c2f62d889ccae071a0364a14be6c01b40805c27b0e2eed16351"
        },
        {
            "date": 1698253606200,
            "name": "logs\\Rate-Limitter-2023-10-25-22.log",
            "hash": "5efe04a15eb8651796786d010b4d99bbc7f6a17bd69b0b7a3c829784b49def0e"
        },
        {
            "date": 1698255597028,
            "name": "logs\\Rate-Limitter-2023-10-25-23.log",
            "hash": "4e547dce1a117374ffe4539eeaa3ed19e94084fca40dff37f5dec2177c8e83dc"
        },
        {
            "date": 1698256135209,
            "name": "logs\\Rate-Limitter-2023-10-25-23.log.1",
            "hash": "43acd4fe08d0bfaf86dc3e4f5842a34d4c97bce1efa72b1bfb47c07de25796d4"
        }
    ],
    "hashType": "sha256"
}