{
    "keep": {
        "days": true,
        "amount": 14
    },
    "auditLog": "logs/Rate-Limitter-auditlog.json",
    "files": [
        {
            "date": 1695985792852,
            "name": "logs\\Rate-Limitter-2023-09-29-16.log",
            "hash": "989f0a8af471d542a17da1c0a1c1cbc144444b707c33033ee28bc3b449f0c7ca"
        },
        {
            "date": 1696047897827,
            "name": "logs\\Rate-Limitter-2023-09-30-09.log",
            "hash": "8534547ea9dc59cef17a1f3446f92a8e891f225758d024c26eef4040856b6b42"
        },
        {
            "date": 1696318741083,
            "name": "logs\\Rate-Limitter-2023-10-03-13.log",
            "hash": "abc45dd1b05a41b72adc3edde48fbb3d9df9213774b1c4adc4ce49703ea815cb"
        },
        {
            "date": 1696333114111,
            "name": "logs\\Rate-Limitter-2023-10-03-17.log",
            "hash": "3e4047bf7ee8565f8a4d77f4383009a29d31da5efaab0ab401b0fbadf8f8f746"
        },
        {
            "date": 1696333440389,
            "name": "logs\\Rate-Limitter-2023-10-03-17.log.1",
            "hash": "d5cda80eefac2d38cb5c8645c20ce04695dba7f5a69d8edd206e5514a82039e3"
        },
        {
            "date": 1696333873752,
            "name": "logs\\Rate-Limitter-2023-10-03-17.log.2",
            "hash": "913e7512e60d9481b53df58c1536ae2b699a9042902572eb17dff82f7d730941"
        },
        {
            "date": 1696333964862,
            "name": "logs\\Rate-Limitter-2023-10-03-17.log.3",
            "hash": "7df56e8c40dec34dae01aeefb553ae8e70266f8b9c92db1545530217d148a5e3"
        },
        {
            "date": 1696334266278,
            "name": "logs\\Rate-Limitter-2023-10-03-17.log.4",
            "hash": "77dd8345161c9d037b2ac79d227ec9b99c49821eae388e9b058629201c38629a"
        },
        {
            "date": 1696335119446,
            "name": "logs\\Rate-Limitter-2023-10-03-17.log.5",
            "hash": "69507c85878f0f1d3187d4d640e0164733eaddb52f886ad746ac4cb692d606f1"
        },
        {
            "date": 1696336011307,
            "name": "logs\\Rate-Limitter-2023-10-03-17.log.6",
            "hash": "2ca03bda69bd7bed1bdacfd27157de8dcb7ee06337dfef58207e24d948198783"
        },
        {
            "date": 1696410869736,
            "name": "logs\\Rate-Limitter-2023-10-04-14.log",
            "hash": "6ba15c08bd4c5e913a5eacd624cf7f39908c9c1f026e217df052046bcb53c380"
        },
        {
            "date": 1696411894852,
            "name": "logs\\Rate-Limitter-2023-10-04-15.log",
            "hash": "943424c8d6ca67ef1d3190284c03281af9902942ecadfdeeb0ebcf1b3fc64508"
        },
        {
            "date": 1696413306356,
            "name": "logs\\Rate-Limitter-2023-10-04-15.log.1",
            "hash": "3a769a843cc3db5b0fa1e56e9dd1fb13b9ea79cbaed5f16d6968613bbef4c90c"
        },
        {
            "date": 1696417461037,
            "name": "logs\\Rate-Limitter-2023-10-04-16.log",
            "hash": "e38726c7015ef20a548c32ca8ced1a0e958f4b58e0f40f26a2ff30dd52a5e680"
        },
        {
            "date": 1696594284907,
            "name": "logs\\Rate-Limitter-2023-10-06-17.log",
            "hash": "6afe5db4d96f8363840fa3373512b8d371e14d60ea81c646f53820e3e981e330"
        },
        {
            "date": 1696841922382,
            "name": "logs\\Rate-Limitter-2023-10-09-14.log",
            "hash": "c92014ad7e5e733162a9cdd5cf9c4acfaadd62aa1a73a753a2aa7fa72806b144"
        },
        {
            "date": 1696919651761,
            "name": "logs\\Rate-Limitter-2023-10-10-12.log",
            "hash": "51a1e7d55a65f5ef300304e2184feac64c0887d54a675ee48709fc867c5fb6f3"
        },
        {
            "date": 1696922417372,
            "name": "logs\\Rate-Limitter-2023-10-10-12.log.1",
            "hash": "33263b111ab41b2aa3bd603471eeaa035848368a546b8bc9704bd4cd6da6dce0"
        },
        {
            "date": 1696998346575,
            "name": "logs\\Rate-Limitter-2023-10-11-09.log",
            "hash": "85090e93520ba2bf0462a6d0f096a3a41f86eda49488d7a6780af572acc04c80"
        },
        {
            "date": 1696998612482,
            "name": "logs\\Rate-Limitter-2023-10-11-10.log",
            "hash": "0d95e52733a3ed2a517e35eb247c164db84243c19b84269207971977c169a648"
        },
        {
            "date": 1697085898679,
            "name": "logs\\Rate-Limitter-2023-10-12-10.log",
            "hash": "f36cba4c1e4fa15a727b14423f873462e66d75bacf0317977b653ebc9fa5a47d"
        },
        {
            "date": 1697090251015,
            "name": "logs\\Rate-Limitter-2023-10-12-11.log",
            "hash": "2f0df5b1c576a79addf24ba484bc85042b3545d82b907e5b4a3ab16ff45ff93a"
        },
        {
            "date": 1697091674631,
            "name": "logs\\Rate-Limitter-2023-10-12-11.log.1",
            "hash": "253f7844bd2fec5b5ac83adcdc36eda4605da829d27aa4248ec57a75ab41b3a9"
        },
        {
            "date": 1697095463578,
            "name": "logs\\Rate-Limitter-2023-10-12-12.log",
            "hash": "d47fb49bded5734ea4f46c0aae58684a754c924d34a73fa6ab1d5bde92791fb1"
        },
        {
            "date": 1697095804472,
            "name": "logs\\Rate-Limitter-2023-10-12-13.log",
            "hash": "fd8b33339c887cac9d6fe84c4a7e48c77ef8773667779d4a3bbceee626c0df77"
        },
        {
            "date": 1697099792924,
            "name": "logs\\Rate-Limitter-2023-10-12-14.log",
            "hash": "7110d9f7ed1520940d67872ec0bbbecd45effaccec3d85183718d7c8c61da34b"
        },
        {
            "date": 1697103254149,
            "name": "logs\\Rate-Limitter-2023-10-12-15.log",
            "hash": "8ac6404b5f1753b396d61d953968e9e929c18da18055efef06e31d6170a7bfbe"
        },
        {
            "date": 1697113864181,
            "name": "logs\\Rate-Limitter-2023-10-12-18.log",
            "hash": "0328e2e464406dc24871797d553a33cf76fe30b6d465d7ca6c0e5cba3d2a5359"
        },
        {
            "date": 1697180700803,
            "name": "logs\\Rate-Limitter-2023-10-13-12.log",
            "hash": "cfe601c4affc7c3bc2e30684b4774612d07cf09c73ba10a5253f8895b5421f49"
        }
    ],
    "hashType": "sha256"
}