{
    "keep": {
        "days": true,
        "amount": 14
    },
    "auditLog": "logs/Rate-Limitter-auditlog.json",
    "files": [
        {
            "date": 1696594284907,
            "name": "logs\\Rate-Limitter-2023-10-06-17.log",
            "hash": "6afe5db4d96f8363840fa3373512b8d371e14d60ea81c646f53820e3e981e330"
        },
        {
            "date": 1696841922382,
            "name": "logs\\Rate-Limitter-2023-10-09-14.log",
            "hash": "c92014ad7e5e733162a9cdd5cf9c4acfaadd62aa1a73a753a2aa7fa72806b144"
        },
        {
            "date": 1696919651761,
            "name": "logs\\Rate-Limitter-2023-10-10-12.log",
            "hash": "51a1e7d55a65f5ef300304e2184feac64c0887d54a675ee48709fc867c5fb6f3"
        },
        {
            "date": 1696922417372,
            "name": "logs\\Rate-Limitter-2023-10-10-12.log.1",
            "hash": "33263b111ab41b2aa3bd603471eeaa035848368a546b8bc9704bd4cd6da6dce0"
        },
        {
            "date": 1696998346575,
            "name": "logs\\Rate-Limitter-2023-10-11-09.log",
            "hash": "85090e93520ba2bf0462a6d0f096a3a41f86eda49488d7a6780af572acc04c80"
        },
        {
            "date": 1696998612482,
            "name": "logs\\Rate-Limitter-2023-10-11-10.log",
            "hash": "0d95e52733a3ed2a517e35eb247c164db84243c19b84269207971977c169a648"
        },
        {
            "date": 1697085898679,
            "name": "logs\\Rate-Limitter-2023-10-12-10.log",
            "hash": "f36cba4c1e4fa15a727b14423f873462e66d75bacf0317977b653ebc9fa5a47d"
        },
        {
            "date": 1697090251015,
            "name": "logs\\Rate-Limitter-2023-10-12-11.log",
            "hash": "2f0df5b1c576a79addf24ba484bc85042b3545d82b907e5b4a3ab16ff45ff93a"
        },
        {
            "date": 1697091674631,
            "name": "logs\\Rate-Limitter-2023-10-12-11.log.1",
            "hash": "253f7844bd2fec5b5ac83adcdc36eda4605da829d27aa4248ec57a75ab41b3a9"
        },
        {
            "date": 1697095463578,
            "name": "logs\\Rate-Limitter-2023-10-12-12.log",
            "hash": "d47fb49bded5734ea4f46c0aae58684a754c924d34a73fa6ab1d5bde92791fb1"
        },
        {
            "date": 1697095804472,
            "name": "logs\\Rate-Limitter-2023-10-12-13.log",
            "hash": "fd8b33339c887cac9d6fe84c4a7e48c77ef8773667779d4a3bbceee626c0df77"
        },
        {
            "date": 1697099792924,
            "name": "logs\\Rate-Limitter-2023-10-12-14.log",
            "hash": "7110d9f7ed1520940d67872ec0bbbecd45effaccec3d85183718d7c8c61da34b"
        },
        {
            "date": 1697103254149,
            "name": "logs\\Rate-Limitter-2023-10-12-15.log",
            "hash": "8ac6404b5f1753b396d61d953968e9e929c18da18055efef06e31d6170a7bfbe"
        },
        {
            "date": 1697113864181,
            "name": "logs\\Rate-Limitter-2023-10-12-18.log",
            "hash": "0328e2e464406dc24871797d553a33cf76fe30b6d465d7ca6c0e5cba3d2a5359"
        },
        {
            "date": 1697180700803,
            "name": "logs\\Rate-Limitter-2023-10-13-12.log",
            "hash": "cfe601c4affc7c3bc2e30684b4774612d07cf09c73ba10a5253f8895b5421f49"
        },
        {
            "date": 1697429117263,
            "name": "logs\\Rate-Limitter-2023-10-16-09.log",
            "hash": "68e2af2dc0a40467dd00c0878fb9a56f5a01289a6062e71905028376c0bf51a5"
        },
        {
            "date": 1697451543962,
            "name": "logs\\Rate-Limitter-2023-10-16-15.log",
            "hash": "a45ba092bff93eb145ffac14f364dda0e4dcaeea9d3b62bea578ab4f8a99598d"
        },
        {
            "date": 1697454699278,
            "name": "logs\\Rate-Limitter-2023-10-16-16.log",
            "hash": "fde3ff982112955e89136e03a1a77d7cd9b26794147378b2092e82abf2c73342"
        },
        {
            "date": 1697455174174,
            "name": "logs\\Rate-Limitter-2023-10-16-16.log.1",
            "hash": "810da9bea2b44de8030757b8f2a2d4afe0881682c98f7a136a562e298634f22f"
        },
        {
            "date": 1697458031127,
            "name": "logs\\Rate-Limitter-2023-10-16-17.log",
            "hash": "5fb0d4c06db2f54d6626e8b9dacb827aa1a77bea12ae01387af4342d6398faaf"
        },
        {
            "date": 1697458539944,
            "name": "logs\\Rate-Limitter-2023-10-16-17.log.1",
            "hash": "b3e1674a271105dca2597897c3f21eccfc2775fc63b354b088e4c15f262358c2"
        },
        {
            "date": 1697461631646,
            "name": "logs\\Rate-Limitter-2023-10-16-18.log",
            "hash": "9005d74afdec057079c1a174633782796b58d197bae518b89334756127793b55"
        },
        {
            "date": 1697518539448,
            "name": "logs\\Rate-Limitter-2023-10-17-10.log",
            "hash": "0a6dbba943cf38d1b360bcb353e1c3c6f0f1bb1addcf49dbb53a47773bae6dca"
        },
        {
            "date": 1697524330955,
            "name": "logs\\Rate-Limitter-2023-10-17-12.log",
            "hash": "f2c60a0961af65f3edea17079d22d5729a557c3abc22dbfeaad67ff5e5518944"
        },
        {
            "date": 1697533917436,
            "name": "logs\\Rate-Limitter-2023-10-17-14.log",
            "hash": "3fe9c4d3aed24f155b78533e96b747b5f294ccb7f0f8b9c998493d04448207b9"
        },
        {
            "date": 1697535141308,
            "name": "logs\\Rate-Limitter-2023-10-17-15.log",
            "hash": "5548f96e0986d59e9c9a8d5dc3ff5ed9c3e2c0ea1146e8a344a236d667ad7dfc"
        },
        {
            "date": 1697538609484,
            "name": "logs\\Rate-Limitter-2023-10-17-16.log",
            "hash": "8278b60c8daf7579df6bd1dda516b93bf1c4fc224b6cbc6c7fdb28965bcc4090"
        },
        {
            "date": 1697604707910,
            "name": "logs\\Rate-Limitter-2023-10-18-10.log",
            "hash": "1c79b66803a34a87d34ebc276e4a70c988336deae5644d5961fd9c4dcc7bac30"
        },
        {
            "date": 1697611407455,
            "name": "logs\\Rate-Limitter-2023-10-18-12.log",
            "hash": "7986b2be3e0f6cef3b47ec8227a30ba10daadf79648c11ee734e7fe7174fe828"
        },
        {
            "date": 1697612655999,
            "name": "logs\\Rate-Limitter-2023-10-18-12.log.1",
            "hash": "d73d548a6db90228c7538680e88edf85e1e24fbb524f904f346eb80f6e44a82f"
        },
        {
            "date": 1697613182938,
            "name": "logs\\Rate-Limitter-2023-10-18-12.log.2",
            "hash": "91b9555fa2800abb848701d91c0f8989958d9a260630fb85d1ba57058208cfa7"
        },
        {
            "date": 1697613385353,
            "name": "logs\\Rate-Limitter-2023-10-18-12.log.3",
            "hash": "0ec32ea5780c4c5cc9a7a4df82aba97e60171a363cea854422045fdac04afb26"
        },
        {
            "date": 1697613575875,
            "name": "logs\\Rate-Limitter-2023-10-18-12.log.4",
            "hash": "8c4bbfb51958c706437f43f3569d873ac20e809a614fefd591a156d585b2014f"
        },
        {
            "date": 1697613778492,
            "name": "logs\\Rate-Limitter-2023-10-18-12.log.5",
            "hash": "dbd5db9e3bf12b8a03fa5be54cca0767f5d61b37bf3f40da3929bd5823e8e60b"
        },
        {
            "date": 1697619071845,
            "name": "logs\\Rate-Limitter-2023-10-18-14.log",
            "hash": "d855162cf5959095b4a8b57394b0433f42a7dc588ba6f451acf7d1fa082d92b4"
        },
        {
            "date": 1697619713177,
            "name": "logs\\Rate-Limitter-2023-10-18-14.log.1",
            "hash": "f641150c78d0f0ae05f85a8b40b40fb83ba955cb35f4fc3d6e6a26b31649525b"
        },
        {
            "date": 1697620316196,
            "name": "logs\\Rate-Limitter-2023-10-18-14.log.2",
            "hash": "389cc8e0180dec2dc2bfd305bde63da486d0146b7c218ada5cd9b61da535a265"
        },
        {
            "date": 1697621176212,
            "name": "logs\\Rate-Limitter-2023-10-18-14.log.3",
            "hash": "ff64cc684a4267eaf3211ead155256d0437ece6cf01772e3e3df2f4b55a4c228"
        },
        {
            "date": 1697622512766,
            "name": "logs\\Rate-Limitter-2023-10-18-15.log",
            "hash": "7da4681af8a7a05c4077252339131380178cd533531fb3b68490b396399fce2e"
        },
        {
            "date": 1697623727264,
            "name": "logs\\Rate-Limitter-2023-10-18-15.log.1",
            "hash": "89f3cc8daba66a96f48e1ff79d46b4e33863d6d8a7505eeae508e897c1ead279"
        },
        {
            "date": 1697625213975,
            "name": "logs\\Rate-Limitter-2023-10-18-16.log",
            "hash": "d934dc3217a75e007d731df902b0e1e5d60fc328bfed09747cdfb26a9f4a5511"
        },
        {
            "date": 1697625478068,
            "name": "logs\\Rate-Limitter-2023-10-18-16.log.1",
            "hash": "fc23dd06d54738743e468b91379404e976eab6e7d52671ff2a1f7aa676eb5f16"
        },
        {
            "date": 1697625874767,
            "name": "logs\\Rate-Limitter-2023-10-18-16.log.2",
            "hash": "029a13f9595fbddc0aba094427f5b59a4796a8fc1dec99fd509e986c76ad348e"
        },
        {
            "date": 1697628946513,
            "name": "logs\\Rate-Limitter-2023-10-18-17.log",
            "hash": "78fc02303bb68c491246339a3fa2357f0126ce32aaa56b83d83745e821134341"
        },
        {
            "date": 1697631641282,
            "name": "logs\\Rate-Limitter-2023-10-18-17.log.1",
            "hash": "648f4ff51a715d027817687ade50f33e93d32e85aedfcc53f2485139bb2de222"
        }
    ],
    "hashType": "sha256"
}