{
    "keep": {
        "days": true,
        "amount": 14
    },
    "auditLog": "logs/Rate-Limitter-auditlog.json",
    "files": [
        {
            "date": 1694785150638,
            "name": "logs\\Rate-Limitter-2023-09-15-19.log",
            "hash": "42c784ef7ce28b70e1e90043f60d98ce879ce578046504bd0538e499e304d4a7"
        },
        {
            "date": 1694788630157,
            "name": "logs\\Rate-Limitter-2023-09-15-20.log",
            "hash": "ed66d14b76bdbad80238f8aaa947e84475c5e55b164100a964d9b03787a6dcdb"
        },
        {
            "date": 1694789131317,
            "name": "logs\\Rate-Limitter-2023-09-15-20.log.1",
            "hash": "8382494d9d7a0b7bce3aa7f87f128ccaa6d3f480a4a9f55485739f3a147ef522"
        },
        {
            "date": 1694791211688,
            "name": "logs\\Rate-Limitter-2023-09-15-20.log.2",
            "hash": "5648f0c1f71eef20aac93ff1c20f78965fdbe06aad0bb707d4fe1caa7fadd431"
        },
        {
            "date": 1694791832151,
            "name": "logs\\Rate-Limitter-2023-09-15-21.log",
            "hash": "eae6f04537db29cb2d7b30df37636fc0e7ed93a78cf44d8e9d13aa6b0db82ea8"
        },
        {
            "date": 1694792368149,
            "name": "logs\\Rate-Limitter-2023-09-15-21.log.1",
            "hash": "ae6ed1899f7781bdd51b2e27d716b31b4142376e48afb43462ad3990f3c85b4a"
        },
        {
            "date": 1694793801414,
            "name": "logs\\Rate-Limitter-2023-09-15-21.log.2",
            "hash": "0cc7c8ffad14263ff2dcc2ddf2e800c41da77747fc7020258baaa443bc6c24fd"
        },
        {
            "date": 1694794871280,
            "name": "logs\\Rate-Limitter-2023-09-15-21.log.3",
            "hash": "3d6623553c142526bf261d27f5978b9e6868e68fa7e170b763f4ef414263768f"
        },
        {
            "date": 1694795496169,
            "name": "logs\\Rate-Limitter-2023-09-15-22.log",
            "hash": "d1f12c2a9696b52b212059515c64e1928158fe12d42d6fc038bf68571a7cfb14"
        },
        {
            "date": 1694796404463,
            "name": "logs\\Rate-Limitter-2023-09-15-22.log.1",
            "hash": "e41789b9571243964a6d014c569e7bb92b764af55151f7fa704ec2c632a0af3a"
        },
        {
            "date": 1694797249480,
            "name": "logs\\Rate-Limitter-2023-09-15-22.log.2",
            "hash": "8fcf01e44b6acccd592e0efdd77cfe55e12c6bcefcefe3004f83d329d6090b47"
        },
        {
            "date": 1694798732741,
            "name": "logs\\Rate-Limitter-2023-09-15-22.log.3",
            "hash": "60e37a408ca110453a0b3b9306ef673296e2667d10f284c12f3e348967c6dda3"
        },
        {
            "date": 1694799043396,
            "name": "logs\\Rate-Limitter-2023-09-15-23.log",
            "hash": "50a682b5a74afc5cc0e08fa922631dbb71c1272024f458c841a4ab2509a77bcc"
        },
        {
            "date": 1694799710674,
            "name": "logs\\Rate-Limitter-2023-09-15-23.log.1",
            "hash": "8f5d494955cbda8f8dd95cae583cd219e68f577128862178f8df495dcd3aa675"
        },
        {
            "date": 1694799977109,
            "name": "logs\\Rate-Limitter-2023-09-15-23.log.2",
            "hash": "09b8dabc31241297a2319cb573bd2086971dbbf452d7fbab492e7c1ce7a84bcd"
        },
        {
            "date": 1694800706625,
            "name": "logs\\Rate-Limitter-2023-09-15-23.log.3",
            "hash": "19aac2d2ff3522ef6c7dc693ec81248aae6dc0fb14b8b7cf3b26ec165a8d0234"
        },
        {
            "date": 1694802092483,
            "name": "logs\\Rate-Limitter-2023-09-15-23.log.4",
            "hash": "42b8d23ded31e8e57c5723d607bc4b9e98c0bd081c8637078482e266130f0199"
        },
        {
            "date": 1694802350833,
            "name": "logs\\Rate-Limitter-2023-09-15-23.log.5",
            "hash": "d151a122b29c67bc969e0dca6498c050cd3d39c640a537f73790c8a94475dad2"
        },
        {
            "date": 1694802606104,
            "name": "logs\\Rate-Limitter-2023-09-16-00.log",
            "hash": "09885ff74e10d727c1467102d7b473070dfa972874336b407bf7717ff30c6064"
        },
        {
            "date": 1694935837047,
            "name": "logs\\Rate-Limitter-2023-09-17-13.log",
            "hash": "2deba9fa9ceb0e7c9e457931048c1b9ced918eb234b45ebc39512a7ea524f7be"
        },
        {
            "date": 1694936917926,
            "name": "logs\\Rate-Limitter-2023-09-17-13.log.1",
            "hash": "ab5537f12f5f19ef65965a935991ad8c268983ee188f3e1f17a8a606352d9587"
        },
        {
            "date": 1694937121245,
            "name": "logs\\Rate-Limitter-2023-09-17-13.log.2",
            "hash": "d3c4cee71040045698d4dae00c2e5d514fd6bd84993aa40919be0365e3acf851"
        },
        {
            "date": 1694958340165,
            "name": "logs\\Rate-Limitter-2023-09-17-19.log",
            "hash": "6f193cfffea413e1af6d6e5f80e43d2e7ae829489ea5b2f0590abfd5ba1f1865"
        },
        {
            "date": 1694958580065,
            "name": "logs\\Rate-Limitter-2023-09-17-19.log.1",
            "hash": "25e37fc1e9e2bd9938f14dd836105508d82220b3e52efc8f8853ffdd0aeb2f27"
        },
        {
            "date": 1694958823648,
            "name": "logs\\Rate-Limitter-2023-09-17-19.log.2",
            "hash": "3521c431ab348c11731e297a88f6c800f8f367be16b401de9116f9f64a022092"
        },
        {
            "date": 1694959348110,
            "name": "logs\\Rate-Limitter-2023-09-17-19.log.3",
            "hash": "5efeabcc503734b2affe328946893bfd76a4be0c78849dfc7e7db5e7a2400965"
        },
        {
            "date": 1694960194159,
            "name": "logs\\Rate-Limitter-2023-09-17-19.log.4",
            "hash": "d5fe1ef8a48827e53d3acf7af2d8125c854e8576c87bee0dbe4c85837a754990"
        },
        {
            "date": 1694962459151,
            "name": "logs\\Rate-Limitter-2023-09-17-20.log",
            "hash": "766c37c81f52ae7d73709dbc04c6b88ff300793e7fb6cea5638eb4b6da5ca97b"
        },
        {
            "date": 1694962519757,
            "name": "logs\\Rate-Limitter-2023-09-17-20.log.1",
            "hash": "723150c56f993ea572e1375c0712bd54c7f671a542cac708a03c2b7b07adad0c"
        },
        {
            "date": 1694963093380,
            "name": "logs\\Rate-Limitter-2023-09-17-20.log.2",
            "hash": "cc173c75919ae62c62b82fceb0027e3ec7daabeae66f1d02dea6db89b2139a57"
        },
        {
            "date": 1694963804556,
            "name": "logs\\Rate-Limitter-2023-09-17-20.log.3",
            "hash": "e6dabf5da41d229fb4807bb6215b31470c058ecb026d9ff3a46eb2adfae44461"
        },
        {
            "date": 1694964325764,
            "name": "logs\\Rate-Limitter-2023-09-17-20.log.4",
            "hash": "7a80bba27c039864f54e7bab97c20ebcd0e0ec252f394a769df6d5e43161d25d"
        },
        {
            "date": 1694964868911,
            "name": "logs\\Rate-Limitter-2023-09-17-21.log",
            "hash": "b362512032a8081d70cb635bc87b0c63bb47534ed62df8ccd4bfa63fbfb99471"
        },
        {
            "date": 1694965378933,
            "name": "logs\\Rate-Limitter-2023-09-17-21.log.1",
            "hash": "d0b7f288d9638f0598db9311bdc8d476a1bc0c54b033b0f3b064b657b3be79fd"
        },
        {
            "date": 1695038608613,
            "name": "logs\\Rate-Limitter-2023-09-18-17.log",
            "hash": "5f7454adb1be73408100b54d69804ea56508b8dee5802fa0dad534ddcec0306a"
        },
        {
            "date": 1695039076346,
            "name": "logs\\Rate-Limitter-2023-09-18-17.log.1",
            "hash": "1cf729855541654b3c7db2019b38892d9416cb92647b923d32236924575556fc"
        },
        {
            "date": 1695041426970,
            "name": "logs\\Rate-Limitter-2023-09-18-18.log",
            "hash": "b14226199a3672126fc8074ff7c36a2c30a30e70893b37fb0acaaf8e2ce18b29"
        },
        {
            "date": 1695049573823,
            "name": "logs\\Rate-Limitter-2023-09-18-20.log",
            "hash": "1bb674e4dc04e39c079adc9b5c94fd031e0527f50c4e7f12ae208852d6a6b0f8"
        },
        {
            "date": 1695099625735,
            "name": "logs\\Rate-Limitter-2023-09-19-10.log",
            "hash": "52cf33514c76b987b577d935ddd53e546923e4493f39dc337745252aaf588cac"
        },
        {
            "date": 1695101750622,
            "name": "logs\\Rate-Limitter-2023-09-19-11.log",
            "hash": "140a833e7c78668f03509ec941822e0f07b225694eed8ba74947d4f3ae03fe90"
        },
        {
            "date": 1695104412389,
            "name": "logs\\Rate-Limitter-2023-09-19-11.log.1",
            "hash": "f15b7dbe0bad9a58b88467fde44ea17a96e54412893bf23ea3d5034082117953"
        },
        {
            "date": 1695104922501,
            "name": "logs\\Rate-Limitter-2023-09-19-11.log.2",
            "hash": "0f378ba8ce966278a2714d7764751ef61db0162ea03bf4cd085df339288b4bfb"
        },
        {
            "date": 1695105043419,
            "name": "logs\\Rate-Limitter-2023-09-19-12.log",
            "hash": "31f7ccba32fb2ef3e94719b5fb25abd0cb51236f2c27c328d58db9a0cb511a1b"
        },
        {
            "date": 1695105732838,
            "name": "logs\\Rate-Limitter-2023-09-19-12.log.1",
            "hash": "cc9365e3325136d42e01f6e30a867f8251eb8ff84432d14b3b53c849b2bc0b89"
        },
        {
            "date": 1695106561760,
            "name": "logs\\Rate-Limitter-2023-09-19-12.log.2",
            "hash": "da8b3cb9712a02be4f2f2e2699b561b537251b904edbfab35414b77fcf0e960c"
        },
        {
            "date": 1695107494435,
            "name": "logs\\Rate-Limitter-2023-09-19-12.log.3",
            "hash": "dccb527f58bcd538d672617d16475f1644eba333ab56a232a8079836a72e7d46"
        },
        {
            "date": 1695108517244,
            "name": "logs\\Rate-Limitter-2023-09-19-12.log.4",
            "hash": "2d4349bfa3fc22fe5ca04171f4d1ff73d851ce051e6d024f3698305bbdef9938"
        },
        {
            "date": 1695108776320,
            "name": "logs\\Rate-Limitter-2023-09-19-13.log",
            "hash": "b5bf2257caad3d790db2ddb4a3439eee16da3fc13743c231f9d59e7a15792cee"
        },
        {
            "date": 1695109374596,
            "name": "logs\\Rate-Limitter-2023-09-19-13.log.1",
            "hash": "7f007ea4353582732a412d1d610dde1825a95539f8f664fb24349c3ef55b388c"
        },
        {
            "date": 1695111569178,
            "name": "logs\\Rate-Limitter-2023-09-19-13.log.2",
            "hash": "bc88a8467b6bc42c2cd2da1141cf8dfac3d3f2d5c43e8aa57a6110a512df8186"
        },
        {
            "date": 1695112100456,
            "name": "logs\\Rate-Limitter-2023-09-19-13.log.3",
            "hash": "7a65ced0095c0f7accea3a5629d1aaa7894930a0143f51370475dee83cc608af"
        },
        {
            "date": 1695112473609,
            "name": "logs\\Rate-Limitter-2023-09-19-14.log",
            "hash": "206417bce4002cfe8858f7109001430b78448f2162d769eed2cdd4a8a7e6c499"
        },
        {
            "date": 1695112691996,
            "name": "logs\\Rate-Limitter-2023-09-19-14.log.1",
            "hash": "c14aa39ba2676cbf883344111bcfdea31aaafcfe2fd3c59ab30c58e92e1f066d"
        },
        {
            "date": 1695112858782,
            "name": "logs\\Rate-Limitter-2023-09-19-14.log.2",
            "hash": "eb9a54d7083bcb1694c8d90407e0a8ee168bbf2b111a4a69440dfa498b2ef638"
        },
        {
            "date": 1695116534225,
            "name": "logs\\Rate-Limitter-2023-09-19-15.log",
            "hash": "4fc66f49478ab04da05e3ce17ab1373c258f18f34f15ee3ebb9db74d96e75620"
        },
        {
            "date": 1695117312188,
            "name": "logs\\Rate-Limitter-2023-09-19-15.log.1",
            "hash": "65233d595eb81d8676762ec4d5612cb36275efb57e210a3fc5b96e981c12cd0d"
        },
        {
            "date": 1695117477108,
            "name": "logs\\Rate-Limitter-2023-09-19-15.log.2",
            "hash": "0c6802477d40cdece71de5a743961534cb6fb5e136af82ab7255961f4b8e8406"
        },
        {
            "date": 1695118050586,
            "name": "logs\\Rate-Limitter-2023-09-19-15.log.3",
            "hash": "1b1da0420cab5ad01bda0fd20721e7b482210e43ac0dd06f459fc0a81fc342ec"
        },
        {
            "date": 1695118411202,
            "name": "logs\\Rate-Limitter-2023-09-19-15.log.4",
            "hash": "14f32ecbbcd0b4c41e68f9ff30100b80ce0bfa7d2ab1954379a444e91a1bad33"
        },
        {
            "date": 1695118676146,
            "name": "logs\\Rate-Limitter-2023-09-19-15.log.5",
            "hash": "8b42f0369ea8228cf9fbe847a2b168a307603965d992431ade0e5a44e8379107"
        },
        {
            "date": 1695118841010,
            "name": "logs\\Rate-Limitter-2023-09-19-15.log.6",
            "hash": "596f731cd714f483524bc2b32e227218b203803130334e22022d51ef79ea8335"
        },
        {
            "date": 1695118925691,
            "name": "logs\\Rate-Limitter-2023-09-19-15.log.7",
            "hash": "370780a79416402d00e64f0b1e43eab1673c64a17b290073f48d2742339ce78c"
        },
        {
            "date": 1695119172618,
            "name": "logs\\Rate-Limitter-2023-09-19-15.log.8",
            "hash": "0d5a0cf9d3527249476f132810036d27c481b7ca3021c88c14d5e331e9540dab"
        },
        {
            "date": 1695119186764,
            "name": "logs\\Rate-Limitter-2023-09-19-15.log.9",
            "hash": "147d1def026676380e23aad59d1ac7208e0944aefeb662e76eda2732a0ff9ede"
        },
        {
            "date": 1695119837127,
            "name": "logs\\Rate-Limitter-2023-09-19-16.log",
            "hash": "fe28c66e8d59a6ef7e65950d987f9b7c037d5237e5a5afa627b5f6e9bb137718"
        },
        {
            "date": 1695119851909,
            "name": "logs\\Rate-Limitter-2023-09-19-16.log.1",
            "hash": "625493abcbd3a823610405a915d0629896fd6f855c065b5d4bf4b3ddd5dc69f5"
        },
        {
            "date": 1695120138959,
            "name": "logs\\Rate-Limitter-2023-09-19-16.log.2",
            "hash": "47c802ad52be54334e9d54b9c53ce0eb6e7a33c6def32afe64b08380063f0eea"
        },
        {
            "date": 1695120313764,
            "name": "logs\\Rate-Limitter-2023-09-19-16.log.3",
            "hash": "95b030327909043c230d7148c3324cb1c2b0c7e93780496a79c99e34f95f0ceb"
        },
        {
            "date": 1695120344159,
            "name": "logs\\Rate-Limitter-2023-09-19-16.log.4",
            "hash": "5a19874e9412939648ca839c3b2d77e0b0577756c9cd2d92d63fb33f6e3fcda6"
        },
        {
            "date": 1695120408963,
            "name": "logs\\Rate-Limitter-2023-09-19-16.log.5",
            "hash": "7a1ca26bec4418fc2f8fb3139ab5ace0535cace7d854f1790995e0f54f7a79fe"
        },
        {
            "date": 1695121198713,
            "name": "logs\\Rate-Limitter-2023-09-19-16.log.6",
            "hash": "0ff056fc4dd4d539ff00fa32576501941d9e88f0491bea41c991d45b5bd25b37"
        },
        {
            "date": 1695121253437,
            "name": "logs\\Rate-Limitter-2023-09-19-16.log.7",
            "hash": "c4220b7378c0cfd6083c71592f1279f55377e3573769a8d84f45987d9a171310"
        },
        {
            "date": 1695121307605,
            "name": "logs\\Rate-Limitter-2023-09-19-16.log.8",
            "hash": "cbf720d1859cc5b15a51b06a9d3be5abb8659a902b92c411876709986a1348be"
        },
        {
            "date": 1695121653966,
            "name": "logs\\Rate-Limitter-2023-09-19-16.log.9",
            "hash": "718e9f123463901b40366f50d3cf1d86ce121a71779fdf4edeb4b7f7a774229c"
        },
        {
            "date": 1695121886947,
            "name": "logs\\Rate-Limitter-2023-09-19-16.log.10",
            "hash": "2c02aa1e3239c4688f202d5408767c9f9353fcc1b71d1022fdcc7928f6c619fb"
        },
        {
            "date": 1695122194549,
            "name": "logs\\Rate-Limitter-2023-09-19-16.log.11",
            "hash": "93e3845a8e0f1e725b619582d5e2eb5f8822a9a962364b764020232e657cb8f5"
        },
        {
            "date": 1695123221943,
            "name": "logs\\Rate-Limitter-2023-09-19-17.log",
            "hash": "dc2182998255b09478befddee09a1e0c098f8ee1602558635a743edcf120d382"
        },
        {
            "date": 1695123297132,
            "name": "logs\\Rate-Limitter-2023-09-19-17.log.1",
            "hash": "f91f3df3db63377f1171ca0e2cb87cef415ea9ec1d65bfd1b385cc7d1854ec7c"
        },
        {
            "date": 1695123547737,
            "name": "logs\\Rate-Limitter-2023-09-19-17.log.2",
            "hash": "39877da7df26af31365ebe397cda96bf56a98f9952c3cc46b6288550788344cf"
        },
        {
            "date": 1695124082506,
            "name": "logs\\Rate-Limitter-2023-09-19-17.log.3",
            "hash": "2686e3bc71235fb262362427b6a9c10ac6a9b93cbfc121ef407141621e126bce"
        },
        {
            "date": 1695124113966,
            "name": "logs\\Rate-Limitter-2023-09-19-17.log.4",
            "hash": "19e7d4a3fbbe7fa81bb08ca802398804050051f0c13c61fb2b88af0104cc4ccc"
        },
        {
            "date": 1695124421465,
            "name": "logs\\Rate-Limitter-2023-09-19-17.log.5",
            "hash": "96eeff65fd4193b5f4b3d484ca0f0859cd5759432f883b897373b244e901def8"
        },
        {
            "date": 1695124808939,
            "name": "logs\\Rate-Limitter-2023-09-19-17.log.6",
            "hash": "290328d8d9f422a26535c46db164687856215b54fe825ac993e1dbb989355f54"
        },
        {
            "date": 1695124813085,
            "name": "logs\\Rate-Limitter-2023-09-19-17.log.7",
            "hash": "3377da029dda203a343ec7efff312ebcc17b12376fc463cbe5923ef63f78ae69"
        },
        {
            "date": 1695125939603,
            "name": "logs\\Rate-Limitter-2023-09-19-17.log.8",
            "hash": "641f746b0a18823bc12901c68349259f075d38e803ccfd249bd33f52a2f07322"
        },
        {
            "date": 1695127687460,
            "name": "logs\\Rate-Limitter-2023-09-19-18.log",
            "hash": "ed015f8642159c5a5fabb1e9d04f7d23783d5ed0a3918bbc48fe3d2750c35660"
        },
        {
            "date": 1695127743180,
            "name": "logs\\Rate-Limitter-2023-09-19-18.log.1",
            "hash": "ec60e9695e24ac84289f13d67a1b4146df7b9c103136c0e925f95aa3e90466a8"
        },
        {
            "date": 1695128487365,
            "name": "logs\\Rate-Limitter-2023-09-19-18.log.2",
            "hash": "b532aa6e3cc3cfa1e61cf50f996177e2f74330718bea04166622c0a67af94350"
        },
        {
            "date": 1695130983375,
            "name": "logs\\Rate-Limitter-2023-09-19-19.log",
            "hash": "6c47b6871984b23413df3d4367dd094300914f66ea7d0de96c942f8ffd2e6be9"
        },
        {
            "date": 1695131148319,
            "name": "logs\\Rate-Limitter-2023-09-19-19.log.1",
            "hash": "dea836ccbeb461bdba7deeed682b778fee312f4e8ec36a32852fb92b39711e9c"
        },
        {
            "date": 1695131385573,
            "name": "logs\\Rate-Limitter-2023-09-19-19.log.2",
            "hash": "37d8daef8a20011cbca4a364c6b0ff0c9c1fedeae6266548d99a23183100da75"
        },
        {
            "date": 1695131543486,
            "name": "logs\\Rate-Limitter-2023-09-19-19.log.3",
            "hash": "4d43fa1ac6f129ff31c06d5916a08fb930209766c10c1621767bafcb857d7d88"
        },
        {
            "date": 1695132685821,
            "name": "logs\\Rate-Limitter-2023-09-19-19.log.4",
            "hash": "9d83547318777b40ac0598737d378ea79639bd270fddc2f2170732f3cfa2d4d8"
        },
        {
            "date": 1695133184287,
            "name": "logs\\Rate-Limitter-2023-09-19-19.log.5",
            "hash": "735750d0104b505a461acfb10123fb2df28a23f0167ca8425c6f800aebd9c0d5"
        },
        {
            "date": 1695133730582,
            "name": "logs\\Rate-Limitter-2023-09-19-19.log.6",
            "hash": "a24858296007bd6ba29d1e3f276320809a16331e886e4d4fea80e07d1048e5e8"
        },
        {
            "date": 1695133821040,
            "name": "logs\\Rate-Limitter-2023-09-19-20.log",
            "hash": "4c473e5b1b5bd8683dbb64c94ec6ca83503fec520cf976d044060ae1896a9d4f"
        },
        {
            "date": 1695134752200,
            "name": "logs\\Rate-Limitter-2023-09-19-20.log.1",
            "hash": "04c42b65ed903b10eaccf2d100f5cc5452cb71e15ec85b698735fd8a95e6fa7d"
        },
        {
            "date": 1695135166834,
            "name": "logs\\Rate-Limitter-2023-09-19-20.log.2",
            "hash": "ed28bb551236036174c33457454e4bff1fa0af7ffbc0f98949a92866802c92c6"
        },
        {
            "date": 1695181654121,
            "name": "logs\\Rate-Limitter-2023-09-20-09.log",
            "hash": "50d2126f0862ef7343b69d6879b8f206f778fb9f6e0231881606c14725b4e2df"
        },
        {
            "date": 1695181712337,
            "name": "logs\\Rate-Limitter-2023-09-20-09.log.1",
            "hash": "6e8d87dd8ad2d2f9fb99c5acdb2a522f37a356b11e92f017f5f96840f5be6255"
        },
        {
            "date": 1695188862762,
            "name": "logs\\Rate-Limitter-2023-09-20-11.log",
            "hash": "05f67a257cae06732461e9e0eabf620b295fd2ea68bbb14d9610dacc1019aee1"
        },
        {
            "date": 1695189258697,
            "name": "logs\\Rate-Limitter-2023-09-20-11.log.1",
            "hash": "c9ac9cede8d86074e515b35a7be399c268dcba8dab5359e312bfc64b92a186ee"
        },
        {
            "date": 1695189307817,
            "name": "logs\\Rate-Limitter-2023-09-20-11.log.2",
            "hash": "3b5a2526b4cd8a9115637bb9b77544ba91524a53b1425d92e25f386f0376adfc"
        },
        {
            "date": 1695189531065,
            "name": "logs\\Rate-Limitter-2023-09-20-11.log.3",
            "hash": "a0be3a0da36c0ed517f9b82ad981283dc14610cae046aa1d4ebca7fa853dbfbc"
        },
        {
            "date": 1695189804304,
            "name": "logs\\Rate-Limitter-2023-09-20-11.log.4",
            "hash": "0c911d6e8c6ae1a0d65ff5bb3dcd5dff5fb0ac4dee0264222a58e6dc1ef946fd"
        },
        {
            "date": 1695190415912,
            "name": "logs\\Rate-Limitter-2023-09-20-11.log.5",
            "hash": "4aa7d62dbff628855a80a4d7b82bf367f10f8c292bcd46de807165b143a5dcf3"
        },
        {
            "date": 1695190592066,
            "name": "logs\\Rate-Limitter-2023-09-20-11.log.6",
            "hash": "291b96b185b4178059071b277ba329eeb552cfc786b89e075f142bac435940e1"
        },
        {
            "date": 1695191448265,
            "name": "logs\\Rate-Limitter-2023-09-20-12.log",
            "hash": "7616a85588a4bfb9c8111e7cd24e6a5f24c08f01edb6c40a7dd5a18dc5c72d1d"
        },
        {
            "date": 1695191448882,
            "name": "logs\\Rate-Limitter-2023-09-20-12.log.1",
            "hash": "b12f0a832c0078ac4dcddcbb95bd8f153e54a0ce8144a42952757f7bf1b40652"
        },
        {
            "date": 1695191887899,
            "name": "logs\\Rate-Limitter-2023-09-20-12.log.2",
            "hash": "5e50b405ab77f017f1a9ad6d29d08877f152df249a379e5d23a4540e85d53e40"
        },
        {
            "date": 1695192688341,
            "name": "logs\\Rate-Limitter-2023-09-20-12.log.3",
            "hash": "43c01f2b5189070ed37d0875d97b96c62a0abc3147103a965d1455a7b7987542"
        },
        {
            "date": 1695193018318,
            "name": "logs\\Rate-Limitter-2023-09-20-12.log.4",
            "hash": "3b9c7f8a0201e5fdea840cb72f003a9a72f284eb812a6dbb795fe72f6eab2297"
        },
        {
            "date": 1695193216781,
            "name": "logs\\Rate-Limitter-2023-09-20-12.log.5",
            "hash": "94002214637405bf8d22d0bd02ed8350cd7ffeb6c4f8f082eb0c953cdfefb890"
        },
        {
            "date": 1695193402758,
            "name": "logs\\Rate-Limitter-2023-09-20-12.log.6",
            "hash": "016723fbdce14dc75eb243659bb354b1418cc077c2d291b1427f83563959d3d4"
        },
        {
            "date": 1695193770870,
            "name": "logs\\Rate-Limitter-2023-09-20-12.log.7",
            "hash": "704435ec357e903789aa7777f32b2e91a8b40078909359163d88500dba68c3b4"
        },
        {
            "date": 1695194089316,
            "name": "logs\\Rate-Limitter-2023-09-20-12.log.8",
            "hash": "35b868100cd12209e727efdb804340e6ba2dc510250e2f82b2f34c7fc099cd13"
        },
        {
            "date": 1695194380498,
            "name": "logs\\Rate-Limitter-2023-09-20-12.log.9",
            "hash": "1cc114c8aed801f293f7885b9b71a26b668736d8e4d1567de0e140cfe3d24680"
        },
        {
            "date": 1695194905514,
            "name": "logs\\Rate-Limitter-2023-09-20-12.log.10",
            "hash": "18d425cfa7551d49abde26da0e6696c83869818606f6b75b222f14bff07b0fc7"
        },
        {
            "date": 1695195287555,
            "name": "logs\\Rate-Limitter-2023-09-20-13.log",
            "hash": "d3079ab0195de43bbf388bd839846d21a3a38738154b705476a95c6cb79d37d1"
        },
        {
            "date": 1695195288289,
            "name": "logs\\Rate-Limitter-2023-09-20-13.log.1",
            "hash": "84ff69a72aaf5ca751e8c3669c481539ba2c3a9553fc5f7967eb277f583d1932"
        },
        {
            "date": 1695195423769,
            "name": "logs\\Rate-Limitter-2023-09-20-13.log.2",
            "hash": "a03be4ef53f392b4bed7db89e4c8c1b23ef3f38d002666674044186dbf91b2c3"
        },
        {
            "date": 1695195573830,
            "name": "logs\\Rate-Limitter-2023-09-20-13.log.3",
            "hash": "66ce06840131123f234b3b4ae59aabb07f8ad819c71555cd5c48d2458586262f"
        },
        {
            "date": 1695195679358,
            "name": "logs\\Rate-Limitter-2023-09-20-13.log.4",
            "hash": "1fde761e2ef763eb2b876f3af38b6508b7c7a41e2da28901c6e0c9b225436073"
        },
        {
            "date": 1695196580268,
            "name": "logs\\Rate-Limitter-2023-09-20-13.log.5",
            "hash": "3aa5286bfdbbcbd23e16b424b903795e693e1113ff0a2807cbbead5740a3b707"
        },
        {
            "date": 1695196580844,
            "name": "logs\\Rate-Limitter-2023-09-20-13.log.6",
            "hash": "d105f4045a30864f7042d8d81939f229d6b812e46fdd72ff9e065d24092e7b5a"
        },
        {
            "date": 1695196755350,
            "name": "logs\\Rate-Limitter-2023-09-20-13.log.7",
            "hash": "709f36cd6378ef56403bec3f69b853609d21b42acb50e984ad005625a113f6b1"
        },
        {
            "date": 1695196755962,
            "name": "logs\\Rate-Limitter-2023-09-20-13.log.8",
            "hash": "8cf249180fbc0d98c6273bfc758eade8ba1d525f0fbe2e82c5db03b718a73d2d"
        },
        {
            "date": 1695197180312,
            "name": "logs\\Rate-Limitter-2023-09-20-13.log.9",
            "hash": "470babbd4f7bef629dbcdd15c59e588f9eeca24ca1973eac2315feb05f2c4621"
        },
        {
            "date": 1695197180933,
            "name": "logs\\Rate-Limitter-2023-09-20-13.log.10",
            "hash": "5ea905d5029f22961351622167a96bb3aa9a7fa381e941ba39e9f2398c8b9b32"
        },
        {
            "date": 1695198085007,
            "name": "logs\\Rate-Limitter-2023-09-20-13.log.11",
            "hash": "efc7f1487463d6ed2424b4921a22b8ce7b9b33fb067117cad0520706e99f7771"
        },
        {
            "date": 1695198462807,
            "name": "logs\\Rate-Limitter-2023-09-20-13.log.12",
            "hash": "ec0902cbf459109b82035c1bb26bc7fc1bfe189844cd339db8e1b97970d04887"
        },
        {
            "date": 1695198550590,
            "name": "logs\\Rate-Limitter-2023-09-20-13.log.13",
            "hash": "d1befcb9fe5e5238927905d3053d1b5eb6793ae71fa49e1edb7465a39dc088d9"
        },
        {
            "date": 1695198622776,
            "name": "logs\\Rate-Limitter-2023-09-20-14.log",
            "hash": "0c60daaa1c320264c7c129c8f5818d30b56b49f16b41f203f087ea70a789ef25"
        },
        {
            "date": 1695198623257,
            "name": "logs\\Rate-Limitter-2023-09-20-14.log.1",
            "hash": "4b72aa4172258cc584d044eaca27d8c2b2174b3ba77b3f6ec9a5c75a93d9c7b4"
        },
        {
            "date": 1695198693411,
            "name": "logs\\Rate-Limitter-2023-09-20-14.log.2",
            "hash": "3da10ce2c020dc73ef4876096036899740f9d3eddc214a4281feee6005a33dea"
        },
        {
            "date": 1695199226362,
            "name": "logs\\Rate-Limitter-2023-09-20-14.log.3",
            "hash": "078ad5cfaf99dd16546ed6953b6f3349b78ed53535bbe47eb5f878bd76121957"
        },
        {
            "date": 1695199983331,
            "name": "logs\\Rate-Limitter-2023-09-20-14.log.4",
            "hash": "219aaafaa3a086f56164815d796800c89412730bade46762fb8c4ecb6227d53f"
        },
        {
            "date": 1695200041798,
            "name": "logs\\Rate-Limitter-2023-09-20-14.log.5",
            "hash": "c6e0fe6ae089b1dca2484e3ba0eaecc8c48431c54dd6470f3c44915927f7bb83"
        },
        {
            "date": 1695200051632,
            "name": "logs\\Rate-Limitter-2023-09-20-14.log.6",
            "hash": "f93282101e69dd079aaef5769a22dc00da4db41d7b33a41a14fd953b9093f5ce"
        },
        {
            "date": 1695200107749,
            "name": "logs\\Rate-Limitter-2023-09-20-14.log.7",
            "hash": "342663b8af40bdf03034b0d4b92b1e84ec18cfc63a2cda76fabebe734cdbc67f"
        },
        {
            "date": 1695200150555,
            "name": "logs\\Rate-Limitter-2023-09-20-14.log.8",
            "hash": "f9543c4ccecebcc966c328742b680bf11b5e7376d65176bd3894c7d29b9af094"
        },
        {
            "date": 1695200618621,
            "name": "logs\\Rate-Limitter-2023-09-20-14.log.9",
            "hash": "edf589b7b0ae5f1849b54dde68061584b0597f7362686d6fdac7ef276cd37d1e"
        },
        {
            "date": 1695200731241,
            "name": "logs\\Rate-Limitter-2023-09-20-14.log.10",
            "hash": "13aac34a737d727c06bf31a8ff99eef4993a922ce9561b15253a9bec534810ca"
        },
        {
            "date": 1695200939031,
            "name": "logs\\Rate-Limitter-2023-09-20-14.log.11",
            "hash": "bee6633e9221c3d2bdacc60509550c6af66338bf498aa0e5c1f0c064d4913a47"
        },
        {
            "date": 1695201140715,
            "name": "logs\\Rate-Limitter-2023-09-20-14.log.12",
            "hash": "7289ebbd1173727b9ac6d8d3c2133db9edc37d60a46dcd925c89d6172a03b8c9"
        },
        {
            "date": 1695202274713,
            "name": "logs\\Rate-Limitter-2023-09-20-15.log",
            "hash": "4fe3111f28c1a46263c1a733000151b2ce77d4c5ba8661b584eccbf4141315a9"
        },
        {
            "date": 1695206606406,
            "name": "logs\\Rate-Limitter-2023-09-20-16.log",
            "hash": "7b876c5f2a7c67dfd4798daae61b60863108ddea91bb0235b6a173d85a69d843"
        },
        {
            "date": 1695217456562,
            "name": "logs\\Rate-Limitter-2023-09-20-19.log",
            "hash": "b0e13bba470d6335c49fcf90bb93e007203e79319d6afaa919071b56ccd70841"
        },
        {
            "date": 1695266839723,
            "name": "logs\\Rate-Limitter-2023-09-21-08.log",
            "hash": "cf4ab92ad98bc4cf8e8f7832c084fab05d38df6125cff58ac00308db84b85718"
        },
        {
            "date": 1695267018890,
            "name": "logs\\Rate-Limitter-2023-09-21-09.log",
            "hash": "c8340e74b22f7c2eb12ed8a5e8a9a142bfae1811aa40c8ee754c557166f5fb8a"
        },
        {
            "date": 1695272682694,
            "name": "logs\\Rate-Limitter-2023-09-21-10.log.1",
            "hash": "2d165bef17e15ba3560afb8fe33c64e9fcf325ba99307437e81e69ba1d2ea909"
        },
        {
            "date": 1695272686841,
            "name": "logs\\Rate-Limitter-2023-09-21-10.log",
            "hash": "a9bed649472575bbc8ee5b37b65fa68c964aee8fe182f06e4295d7accdf8d5f0"
        },
        {
            "date": 1695273528047,
            "name": "logs\\Rate-Limitter-2023-09-21-10.log.2",
            "hash": "ce17a3c200ffdbdb55c2cfdba34f628c256493f15a933afd026287bf0d24cd11"
        },
        {
            "date": 1695294482258,
            "name": "logs\\Rate-Limitter-2023-09-21-16.log",
            "hash": "a02473673acf5f162e914992a76a7271b8a621cc45c937b84f254e43ea139762"
        },
        {
            "date": 1695294540128,
            "name": "logs\\Rate-Limitter-2023-09-21-16.log.1",
            "hash": "1021b1a77adf098ed1207bb6d6b504ab4f740a436394b4ce6d76359dda15657a"
        },
        {
            "date": 1695294633472,
            "name": "logs\\Rate-Limitter-2023-09-21-16.log.2",
            "hash": "76334cbe21d1acf0677bc3e40ed16d558c409180d57fd042c66ae861c9ceeaa1"
        },
        {
            "date": 1695296275542,
            "name": "logs\\Rate-Limitter-2023-09-21-17.log",
            "hash": "b855df363c1d15caa061bec9ee7926370d077286a2bee58105825839b38dfbe2"
        },
        {
            "date": 1695296575258,
            "name": "logs\\Rate-Limitter-2023-09-21-17.log.1",
            "hash": "9baa5f23ab3949269b37cab7c065826e0283cc97735ca08493e5444cacf3a517"
        },
        {
            "date": 1695296889802,
            "name": "logs\\Rate-Limitter-2023-09-21-17.log.2",
            "hash": "d4dd1c5cf7f0f69c78781521a4ca4c180dedd28e79dd3a242f708d647f3a64f0"
        },
        {
            "date": 1695298780994,
            "name": "logs\\Rate-Limitter-2023-09-21-17.log.3",
            "hash": "28f8a0b9d18ec226fcd0f7aab4e95264664be40bf196190aa7aa19fb1f4fab2e"
        },
        {
            "date": 1695299403449,
            "name": "logs\\Rate-Limitter-2023-09-21-18.log",
            "hash": "d0a24a97296983693b266a8efb070d8a5a5bfb8b2b7660205b5000f1275ffa61"
        },
        {
            "date": 1695299780592,
            "name": "logs\\Rate-Limitter-2023-09-21-18.log.1",
            "hash": "9870713c314a3416fedd851abce4f5ac48f72f4fd520f8465e8d27c6424da142"
        },
        {
            "date": 1695359211346,
            "name": "logs\\Rate-Limitter-2023-09-22-10.log",
            "hash": "c5ad9f91f9a92c3c387c12d36854cb2847d6768b83ad8de5ec794a2d7cc0a622"
        },
        {
            "date": 1695362995905,
            "name": "logs\\Rate-Limitter-2023-09-22-11.log",
            "hash": "3ada206a4e4abbdbb0619137197b7666952d860602efec2487f793d38134e90a"
        },
        {
            "date": 1695368991474,
            "name": "logs\\Rate-Limitter-2023-09-22-13.log",
            "hash": "92852ed768746ca585741391fa55e9bdff7f6aac8c6b06e58da2af08214f8e49"
        },
        {
            "date": 1695376477022,
            "name": "logs\\Rate-Limitter-2023-09-22-15.log",
            "hash": "c7405a826140d74109431feecb72cc2ae8e2ae225a9fc7ecbbe097dc698c789e"
        },
        {
            "date": 1695379177870,
            "name": "logs\\Rate-Limitter-2023-09-22-16.log",
            "hash": "dba8c12f661f6d20811b1130c69a049894c96aa5f63e4f4f5f149afbd03911de"
        },
        {
            "date": 1695381954417,
            "name": "logs\\Rate-Limitter-2023-09-22-16.log.1",
            "hash": "89307b16537b3df5d206a7494cfd695a732399a1d002c269f1838745367a742a"
        },
        {
            "date": 1695382230194,
            "name": "logs\\Rate-Limitter-2023-09-22-17.log",
            "hash": "69912950b991b4bf9afef3d16924d48ea0d44ef5bf361212f7323b8c064f70e4"
        },
        {
            "date": 1695382645930,
            "name": "logs\\Rate-Limitter-2023-09-22-17.log.1",
            "hash": "27eec0ca647c0c957b2832183248284f8a8f11f9e0becdf9e930b8e0c25a01b4"
        },
        {
            "date": 1695386592537,
            "name": "logs\\Rate-Limitter-2023-09-22-18.log",
            "hash": "4869186b43b636b7f6a4ff6c19a15a97ade15b117d747fa93d65081107233b54"
        },
        {
            "date": 1695440462112,
            "name": "logs\\Rate-Limitter-2023-09-23-09.log",
            "hash": "65c84de36eb3ddbdcba7c116ca654749d3b598f86ce6bf93c74d2832dafdaa8a"
        },
        {
            "date": 1695441226420,
            "name": "logs\\Rate-Limitter-2023-09-23-09.log.1",
            "hash": "5441a79bf9889b786debb86ae381005e967783667817d5069991d2c72a60dfec"
        },
        {
            "date": 1695444417794,
            "name": "logs\\Rate-Limitter-2023-09-23-10.log",
            "hash": "da802b0269ab6ffb0eb9cd26549df94d429de3800bb8be177b42d001cdf04f96"
        },
        {
            "date": 1695444827826,
            "name": "logs\\Rate-Limitter-2023-09-23-10.log.1",
            "hash": "9b6d250a1db118127af8f0e56b232a6688982370134472aad77c7a689a8e6ac5"
        },
        {
            "date": 1695447370442,
            "name": "logs\\Rate-Limitter-2023-09-23-11.log",
            "hash": "a8957dea3804075fae81b779683c02027ea49a1fbabc770763ac8e0a31458d88"
        },
        {
            "date": 1695448361457,
            "name": "logs\\Rate-Limitter-2023-09-23-11.log.1",
            "hash": "44f2142e09880600c546c4202602f30e32943d07f38b78788b09972f690cefc0"
        },
        {
            "date": 1695630828373,
            "name": "logs\\Rate-Limitter-2023-09-25-14.log",
            "hash": "083efdcc4418ac8237346019cb613a6ad6e117adfa0596e93257d8a742c177e0"
        },
        {
            "date": 1695793109704,
            "name": "logs\\Rate-Limitter-2023-09-27-11.log",
            "hash": "61a36eab620ed9a69a285f5672d0f36cda3dfd2def21a95e67b48a46df8f2d36"
        },
        {
            "date": 1695985792852,
            "name": "logs\\Rate-Limitter-2023-09-29-16.log",
            "hash": "989f0a8af471d542a17da1c0a1c1cbc144444b707c33033ee28bc3b449f0c7ca"
        }
    ],
    "hashType": "sha256"
}