[
  {
    "author": "Sophia Amoruso",
    "description": "An online fashion retailer traces her path to success.",
    "title": "#GIRLBOSS"
  },
  {
    "author": "Chima Amanda",
    "description": "Fifteen-year-old Kambili and her older brother Jaja lead a privileged life in Enugu, Nigeria. They live in a beautiful house, with a caring family, and attend an exclusive missionary school. They're completely shielded from the troubles of the world. Yet, as Kambili reveals in her tender-voiced account, things are less perfect than they appear. Although her Papa is generous and well respected, he is fanatically religious and tyrannical at home—a home that is silent and suffocating.",
    "title": "Purple Hibiscus"
  },
  {
    "author": "Chinua Achebe",
    "description": "More than two million copies of Things Fall Apart have been sold in the United States since it was first published here in 1959. Worldwide, there are eight million copies in print in fifty different languages. This is Chinua Achebe's masterpiece and it is often compared to the great Greek tragedies, and currently sells more than one hundred thousand copies a year in the United States. A simple story of a strong man whose life is dominated by fear and anger, Things Fall Apart is written with remarkable economy and subtle irony. Uniquely and richly African, at the same time it reveals Achebe's keen awareness of the human qualities common to men of all times and places.",
    "title": "Things Fall Apart"
  }
]
