{
    "keep": {
        "days": true,
        "amount": 14
    },
    "auditLog": "logs/Rate-Limitter-auditlog.json",
    "files": [
        {
            "date": 1698234470118,
            "name": "logs\\Rate-Limitter-2023-10-25-17.log",
            "hash": "f69b06e7b71432edc35afa0f9e0e3625df1430f9489bd41a8cdbc2a0ae62dbc4"
        },
        {
            "date": 1698235249666,
            "name": "logs\\Rate-Limitter-2023-10-25-17.log.1",
            "hash": "197e3874746b9e260d7f2d98c11401e6bb6e558f4d8143100f784f73c9df2963"
        }
    ],
    "hashType": "sha256"
}